{"startTime":1609920068.5698054,"endTime":1609920548.5698054,"timing":[[1609920068.5698054,1609920068.5698054,0,"2-frame"],[1609920068.7368054,1609920068.7368054,1,"3-frame"],[1609920068.9368055,1609920068.9368055,2,"4-frame"],[1609920069.1028054,1609920069.1028054,3,"5-frame"],[1609920069.3028054,1609920069.3028054,4,"6-frame"],[1609920069.4368055,1609920069.4368055,5,"7-frame"],[1609920069.7028053,1609920069.7028053,6,"8-frame"],[1609920069.9028053,1609920069.9028053,7,"9-frame"],[1609920070.1028054,1609920070.1028054,8,"10-frame"],[1609920070.3028054,1609920070.3028054,9,"11-frame"],[1609920070.5028055,1609920070.5028055,10,"12-frame"],[1609920070.7368054,1609920070.7368054,11,"13-frame"],[1609920070.9368055,1609920070.9368055,12,"14-frame"],[1609920071.1028054,1609920071.1028054,13,"15-frame"],[1609920071.3028054,1609920071.3028054,14,"16-frame"],[1609920071.5368054,1609920071.5368054,15,"17-frame"],[1609920071.7368054,1609920071.7368054,16,"18-frame"],[1609920071.9028053,1609920071.9028053,17,"19-frame"],[1609920072.1028054,1609920072.1028054,18,"20-frame"],[1609920072.3028054,1609920072.3028054,19,"21-frame"],[1609920072.5028055,1609920072.5028055,20,"22-frame"],[1609920072.7028053,1609920072.7028053,21,"23-frame"],[1609920072.9028053,1609920072.9028053,22,"24-frame"],[1609920073.1368053,1609920073.1368053,23,"25-frame"],[1609920073.3028054,1609920073.3028054,24,"26-frame"],[1609920073.5028055,1609920073.5028055,25,"27-frame"],[1609920073.7028053,1609920073.7028053,26,"28-frame"],[1609920073.9028053,1609920073.9028053,27,"29-frame"],[1609920074.1028054,1609920074.1028054,28,"30-frame"],[1609920074.3028054,1609920074.3028054,29,"31-frame"],[1609920074.5028055,1609920074.5028055,30,"32-frame"],[1609920074.7028053,1609920074.7028053,31,"33-frame"],[1609920074.9368055,1609920074.9368055,32,"34-frame"],[1609920075.1028054,1609920075.1028054,33,"35-frame"],[1609920075.3368053,1609920075.3368053,34,"36-frame"],[1609920075.5368054,1609920075.5368054,35,"37-frame"],[1609920075.7028053,1609920075.7028053,36,"38-frame"],[1609920075.9028053,1609920075.9028053,37,"39-frame"],[1609920076.0698054,1609920076.0698054,38,"40-frame"],[1609920076.3028054,1609920076.3028054,39,"41-frame"],[1609920076.5028055,1609920076.5028055,40,"42-frame"],[1609920076.7028053,1609920076.7028053,41,"43-frame"],[1609920076.9368055,1609920076.9368055,42,"44-frame"],[1609920077.1368053,1609920077.1368053,43,"45-frame"],[1609920077.3028054,1609920077.3028054,44,"46-frame"],[1609920077.5028055,1609920077.5028055,45,"47-frame"],[1609920077.7028053,1609920077.7028053,46,"48-frame"],[1609920077.9028053,1609920077.9028053,47,"49-frame"],[1609920078.1028054,1609920078.1028054,48,"50-frame"],[1609920078.3028054,1609920078.3028054,49,"51-frame"],[1609920078.5028055,1609920078.5028055,50,"52-frame"],[1609920078.7028053,1609920078.7028053,51,"53-frame"],[1609920078.9028053,1609920078.9028053,52,"54-frame"],[1609920079.1028054,1609920079.1028054,53,"55-frame"],[1609920079.3028054,1609920079.3028054,54,"56-frame"],[1609920079.5028055,1609920079.5028055,55,"57-frame"],[1609920079.6368053,1609920079.6368053,56,"58-frame"],[1609920079.9028053,1609920079.9028053,57,"59-frame"],[1609920080.1028054,1609920080.1028054,58,"60-frame"],[1609920080.3028054,1609920080.3028054,59,"61-frame"],[1609920080.5028055,1609920080.5028055,60,"62-frame"],[1609920080.7028053,1609920080.7028053,61,"63-frame"],[1609920080.9028053,1609920080.9028053,62,"64-frame"],[1609920081.1028054,1609920081.1028054,63,"65-frame"],[1609920081.2698054,1609920081.2698054,64,"66-frame"],[1609920081.5028055,1609920081.5028055,65,"67-frame"],[1609920081.7028053,1609920081.7028053,66,"68-frame"],[1609920081.9028053,1609920081.9028053,67,"69-frame"],[1609920082.1028054,1609920082.1028054,68,"70-frame"],[1609920082.3028054,1609920082.3028054,69,"71-frame"],[1609920082.5368054,1609920082.5368054,70,"72-frame"],[1609920082.7028053,1609920082.7028053,71,"73-frame"],[1609920082.9028053,1609920082.9028053,72,"74-frame"],[1609920083.1028054,1609920083.1028054,73,"75-frame"],[1609920083.3368053,1609920083.3368053,74,"76-frame"],[1609920083.5028055,1609920083.5028055,75,"77-frame"],[1609920083.7028053,1609920083.7028053,76,"78-frame"],[1609920083.9368055,1609920083.9368055,77,"79-frame"],[1609920084.1368053,1609920084.1368053,78,"80-frame"],[1609920084.2368054,1609920084.2368054,79,"81-frame"],[1609920084.5028055,1609920084.5028055,80,"82-frame"],[1609920084.7028053,1609920084.7028053,81,"83-frame"],[1609920084.9028053,1609920084.9028053,82,"84-frame"],[1609920085.1028054,1609920085.1028054,83,"85-frame"],[1609920085.3028054,1609920085.3028054,84,"86-frame"],[1609920085.5368054,1609920085.5368054,85,"87-frame"],[1609920085.7028053,1609920085.7028053,86,"88-frame"],[1609920085.8698053,1609920085.8698053,87,"89-frame"],[1609920086.1028054,1609920086.1028054,88,"90-frame"],[1609920086.3028054,1609920086.3028054,89,"91-frame"],[1609920086.5028055,1609920086.5028055,90,"92-frame"],[1609920086.7028053,1609920086.7028053,91,"93-frame"],[1609920086.9028053,1609920086.9028053,92,"94-frame"],[1609920087.1028054,1609920087.1028054,93,"95-frame"],[1609920087.3028054,1609920087.3028054,94,"96-frame"],[1609920087.5028055,1609920087.5028055,95,"97-frame"],[1609920087.7028053,1609920087.7028053,96,"98-frame"],[1609920087.9028053,1609920087.9028053,97,"99-frame"],[1609920088.1028054,1609920088.1028054,98,"100-frame"],[1609920088.3028054,1609920088.3028054,99,"101-frame"],[1609920088.5028055,1609920088.5028055,100,"102-frame"],[1609920088.7028053,1609920088.7028053,101,"103-frame"],[1609920088.9028053,1609920088.9028053,102,"104-frame"],[1609920089.1028054,1609920089.1028054,103,"105-frame"],[1609920089.3028054,1609920089.3028054,104,"106-frame"],[1609920089.5028055,1609920089.5028055,105,"107-frame"],[1609920089.7028053,1609920089.7028053,106,"108-frame"],[1609920089.9028053,1609920089.9028053,107,"109-frame"],[1609920090.1368053,1609920090.1368053,108,"110-frame"],[1609920090.3028054,1609920090.3028054,109,"111-frame"],[1609920090.5028055,1609920090.5028055,110,"112-frame"],[1609920090.7028053,1609920090.7028053,111,"113-frame"],[1609920090.9028053,1609920090.9028053,112,"114-frame"],[1609920091.1028054,1609920091.1028054,113,"115-frame"],[1609920091.3028054,1609920091.3028054,114,"116-frame"],[1609920091.4368055,1609920091.4368055,115,"117-frame"],[1609920091.7028053,1609920091.7028053,116,"118-frame"],[1609920091.9028053,1609920091.9028053,117,"119-frame"],[1609920092.1028054,1609920092.1028054,118,"120-frame"],[1609920092.3028054,1609920092.3028054,119,"121-frame"],[1609920092.4368055,1609920092.4368055,120,"122-frame"],[1609920092.7028053,1609920092.7028053,121,"123-frame"],[1609920092.9028053,1609920092.9028053,122,"124-frame"],[1609920093.1028054,1609920093.1028054,123,"125-frame"],[1609920093.3028054,1609920093.3028054,124,"126-frame"],[1609920093.5028055,1609920093.5028055,125,"127-frame"],[1609920093.7028053,1609920093.7028053,126,"128-frame"],[1609920093.9028053,1609920093.9028053,127,"129-frame"],[1609920094.1028054,1609920094.1028054,128,"130-frame"],[1609920094.3028054,1609920094.3028054,129,"131-frame"],[1609920094.5028055,1609920094.5028055,130,"132-frame"],[1609920094.7028053,1609920094.7028053,131,"133-frame"],[1609920094.9028053,1609920094.9028053,132,"134-frame"],[1609920095.1028054,1609920095.1028054,133,"135-frame"],[1609920095.3028054,1609920095.3028054,134,"136-frame"],[1609920095.5028055,1609920095.5028055,135,"137-frame"],[1609920095.7028053,1609920095.7028053,136,"138-frame"],[1609920095.9028053,1609920095.9028053,137,"139-frame"],[1609920096.0368054,1609920096.0368054,138,"140-frame"],[1609920096.3028054,1609920096.3028054,139,"141-frame"],[1609920096.5028055,1609920096.5028055,140,"142-frame"],[1609920096.7028053,1609920096.7028053,141,"143-frame"],[1609920096.9028053,1609920096.9028053,142,"144-frame"],[1609920097.1028054,1609920097.1028054,143,"145-frame"],[1609920097.3028054,1609920097.3028054,144,"146-frame"],[1609920097.5028055,