{"startTime":1609920861.582796,"endTime":1609921341.582796,"timing":[[1609920861.582796,1609920861.582796,0,"2-frame"],[1609920861.7497962,1609920861.7497962,1,"3-frame"],[1609920861.9497962,1609920861.9497962,2,"4-frame"],[1609920862.115796,1609920862.115796,3,"5-frame"],[1609920862.3157961,1609920862.3157961,4,"6-frame"],[1609920862.4497962,1609920862.4497962,5,"7-frame"],[1609920862.715796,1609920862.715796,6,"8-frame"],[1609920862.915796,1609920862.915796,7,"9-frame"],[1609920863.115796,1609920863.115796,8,"10-frame"],[1609920863.3157961,1609920863.3157961,9,"11-frame"],[1609920863.5157962,1609920863.5157962,10,"12-frame"],[1609920863.7497962,1609920863.7497962,11,"13-frame"],[1609920863.9497962,1609920863.9497962,12,"14-frame"],[1609920864.115796,1609920864.115796,13,"15-frame"],[1609920864.3157961,1609920864.3157961,14,"16-frame"],[1609920864.549796,1609920864.549796,15,"17-frame"],[1609920864.7497962,1609920864.7497962,16,"18-frame"],[1609920864.915796,1609920864.915796,17,"19-frame"],[1609920865.115796,1609920865.115796,18,"20-frame"],[1609920865.3157961,1609920865.3157961,19,"21-frame"],[1609920865.5157962,1609920865.5157962,20,"22-frame"],[1609920865.715796,1609920865.715796,21,"23-frame"],[1609920865.915796,1609920865.915796,22,"24-frame"],[1609920866.149796,1609920866.149796,23,"25-frame"],[1609920866.3157961,1609920866.3157961,24,"26-frame"],[1609920866.5157962,1609920866.5157962,25,"27-frame"],[1609920866.715796,1609920866.715796,26,"28-frame"],[1609920866.915796,1609920866.915796,27,"29-frame"],[1609920867.115796,1609920867.115796,28,"30-frame"],[1609920867.3157961,1609920867.3157961,29,"31-frame"],[1609920867.5157962,1609920867.5157962,30,"32-frame"],[1609920867.715796,1609920867.715796,31,"33-frame"],[1609920867.9497962,1609920867.9497962,32,"34-frame"],[1609920868.115796,1609920868.115796,33,"35-frame"],[1609920868.349796,1609920868.349796,34,"36-frame"],[1609920868.549796,1609920868.549796,35,"37-frame"],[1609920868.715796,1609920868.715796,36,"38-frame"],[1609920868.915796,1609920868.915796,37,"39-frame"],[1609920869.082796,1609920869.082796,38,"40-frame"],[1609920869.3157961,1609920869.3157961,39,"41-frame"],[1609920869.5157962,1609920869.5157962,40,"42-frame"],[1609920869.715796,1609920869.715796,41,"43-frame"],[1609920869.9497962,1609920869.9497962,42,"44-frame"],[1609920870.149796,1609920870.149796,43,"45-frame"],[1609920870.3157961,1609920870.3157961,44,"46-frame"],[1609920870.5157962,1609920870.5157962,45,"47-frame"],[1609920870.715796,1609920870.715796,46,"48-frame"],[1609920870.915796,1609920870.915796,47,"49-frame"],[1609920871.115796,1609920871.115796,48,"50-frame"],[1609920871.3157961,1609920871.3157961,49,"51-frame"],[1609920871.5157962,1609920871.5157962,50,"52-frame"],[1609920871.715796,1609920871.715796,51,"53-frame"],[1609920871.915796,1609920871.915796,52,"54-frame"],[1609920872.115796,1609920872.115796,53,"55-frame"],[1609920872.3157961,1609920872.3157961,54,"56-frame"],[1609920872.5157962,1609920872.5157962,55,"57-frame"],[1609920872.649796,1609920872.649796,56,"58-frame"],[1609920872.915796,1609920872.915796,57,"59-frame"],[1609920873.115796,1609920873.115796,58,"60-frame"],[1609920873.3157961,1609920873.3157961,59,"61-frame"],[1609920873.5157962,1609920873.5157962,60,"62-frame"],[1609920873.715796,1609920873.715796,61,"63-frame"],[1609920873.915796,1609920873.915796,62,"64-frame"],[1609920874.115796,1609920874.115796,63,"65-frame"],[1609920874.2827961,1609920874.2827961,64,"66-frame"],[1609920874.5157962,1609920874.5157962,65,"67-frame"],[1609920874.715796,1609920874.715796,66,"68-frame"],[1609920874.915796,1609920874.915796,67,"69-frame"],[1609920875.115796,1609920875.115796,68,"70-frame"],[1609920875.3157961,1609920875.3157961,69,"71-frame"],[1609920875.549796,1609920875.549796,70,"72-frame"],[1609920875.715796,1609920875.715796,71,"73-frame"],[1609920875.915796,1609920875.915796,72,"74-frame"],[1609920876.115796,1609920876.115796,73,"75-frame"],[1609920876.349796,1609920876.349796,74,"76-frame"],[1609920876.5157962,1609920876.5157962,75,"77-frame"],[1609920876.715796,1609920876.715796,76,"78-frame"],[1609920876.9497962,1609920876.9497962,77,"79-frame"],[1609920877.149796,1609920877.149796,78,"80-frame"],[1609920877.2497962,1609920877.2497962,79,"81-frame"],[1609920877.5157962,1609920877.5157962,80,"82-frame"],[1609920877.715796,1609920877.715796,81,"83-frame"],[1609920877.915796,1609920877.915796,82,"84-frame"],[1609920878.115796,1609920878.115796,83,"85-frame"],[1609920878.3157961,1609920878.3157961,84,"86-frame"],[1609920878.549796,1609920878.549796,85,"87-frame"],[1609920878.715796,1609920878.715796,86,"88-frame"],[1609920878.882796,1609920878.882796,87,"89-frame"],[1609920879.115796,1609920879.115796,88,"90-frame"],[1609920879.3157961,1609920879.3157961,89,"91-frame"],[1609920879.5157962,1609920879.5157962,90,"92-frame"],[1609920879.715796,1609920879.715796,91,"93-frame"],[1609920879.915796,1609920879.915796,92,"94-frame"],[1609920880.115796,1609920880.115796,93,"95-frame"],[1609920880.3157961,1609920880.3157961,94,"96-frame"],[1609920880.5157962,1609920880.5157962,95,"97-frame"],[1609920880.715796,1609920880.715796,96,"98-frame"],[1609920880.915796,1609920880.915796,97,"99-frame"],[1609920881.115796,1609920881.115796,98,"100-frame"],[1609920881.3157961,1609920881.3157961,99,"101-frame"],[1609920881.5157962,1609920881.5157962,100,"102-frame"],[1609920881.715796,1609920881.715796,101,"103-frame"],[1609920881.915796,1609920881.915796,102,"104-frame"],[1609920882.115796,1609920882.115796,103,"105-frame"],[1609920882.3157961,1609920882.3157961,104,"106-frame"],[1609920882.5157962,1609920882.5157962,105,"107-frame"],[1609920882.715796,1609920882.715796,106,"108-frame"],[1609920882.915796,1609920882.915796,107,"109-frame"],[1609920883.149796,1609920883.149796,108,"110-frame"],[1609920883.3157961,1609920883.3157961,109,"111-frame"],[1609920883.5157962,1609920883.5157962,110,"112-frame"],[1609920883.715796,1609920883.715796,111,"113-frame"],[1609920883.915796,1609920883.915796,112,"114-frame"],[1609920884.115796,1609920884.115796,113,"115-frame"],[1609920884.3157961,1609920884.3157961,114,"116-frame"],[1609920884.4497962,1609920884.4497962,115,"117-frame"],[1609920884.715796,1609920884.715796,116,"118-frame"],[1609920884.915796,1609920884.915796,117,"119-frame"],[1609920885.115796,1609920885.115796,118,"120-frame"],[1609920885.3157961,1609920885.3157961,119,"121-frame"],[1609920885.4497962,1609920885.4497962,120,"122-frame"],[1609920885.715796,1609920885.715796,121,"123-frame"],[1609920885.915796,1609920885.915796,122,"124-frame"],[1609920886.115796,1609920886.115796,123,"125-frame"],[1609920886.3157961,1609920886.3157961,124,"126-frame"],[1609920886.5157962,1609920886.5157962,125,"127-frame"],[1609920886.715796,1609920886.715796,126,"128-frame"],[1609920886.915796,1609920886.915796,127,"129-frame"],[1609920887.115796,1609920887.115796,128,"130-frame"],[1609920887.3157961,1609920887.3157961,129,"131-frame"],[1609920887.5157962,1609920887.5157962,130,"132-frame"],[1609920887.715796,1609920887.715796,131,"133-frame"],[1609920887.915796,1609920887.915796,132,"134-frame"],[1609920888.115796,1609920888.115796,133,"135-frame"],[1609920888.3157961,1609920888.3157961,134,"136-frame"],[1609920888.5157962,1609920888.5157962,135,"137-frame"],[1609920888.715796,1609920888.715796,136,"138-frame"],[1609920888.915796,1609920888.915796,137,"139-frame"],[1609920889.049796,1609920889.049796,138,"140-frame"],[1609920889.3157961,1609920889.3157961,139,"141-frame"],[1609920889.5157962,1609920889.5157962,140,"142-frame"],[1609920889.715796,1609920889.715796,141,"143-frame"],[1609920889.915796,1609920889.915796,142,"144-frame"],[1609920890.115796,1609920890.115796,143,"145-frame"],[1609920890.3157961,1609920890.3157961,144,"146-frame"],[1609920890.5157962,1609920890.5157962,145,"147-frame"],[1609920890.715796,1609920890.715796,146,"148-frame"],[1609920890.882796,1609920890.882796,147,"149-frame"],[1609920891.115796,