{"startTime":1610670852.317855,"endTime":1610671333.317855,"timing":[[1610670852.317855,1610670852.317855,0,"2-frame"],[1610670852.484855,1610670852.484855,1,"3-frame"],[1610670852.684855,1610670852.684855,2,"4-frame"],[1610670852.8508549,1610670852.8508549,3,"5-frame"],[1610670853.050855,1610670853.050855,4,"6-frame"],[1610670853.184855,1610670853.184855,5,"7-frame"],[1610670853.4508548,1610670853.4508548,6,"8-frame"],[1610670853.6508548,1610670853.6508548,7,"9-frame"],[1610670853.8508549,1610670853.8508549,8,"10-frame"],[1610670854.050855,1610670854.050855,9,"11-frame"],[1610670854.250855,1610670854.250855,10,"12-frame"],[1610670854.484855,1610670854.484855,11,"13-frame"],[1610670854.684855,1610670854.684855,12,"14-frame"],[1610670854.8508549,1610670854.8508549,13,"15-frame"],[1610670855.050855,1610670855.050855,14,"16-frame"],[1610670855.284855,1610670855.284855,15,"17-frame"],[1610670855.484855,1610670855.484855,16,"18-frame"],[1610670855.6508548,1610670855.6508548,17,"19-frame"],[1610670855.8508549,1610670855.8508549,18,"20-frame"],[1610670856.050855,1610670856.050855,19,"21-frame"],[1610670856.250855,1610670856.250855,20,"22-frame"],[1610670856.4508548,1610670856.4508548,21,"23-frame"]]}