{"startTime":1610673139.3819284,"endTime":1610673620.3819284,"timing":[[1610673139.3819284,1610673139.3819284,0,"2-frame"],[1610673139.5489285,1610673139.5489285,1,"3-frame"],[1610673139.7489285,1610673139.7489285,2,"4-frame"],[1610673139.9149284,1610673139.9149284,3,"5-frame"],[1610673140.1149285,1610673140.1149285,4,"6-frame"],[1610673140.2489285,1610673140.2489285,5,"7-frame"],[1610673140.5149283,1610673140.5149283,6,"8-frame"],[1610673140.7149284,1610673140.7149284,7,"9-frame"],[1610673140.9149284,1610673140.9149284,8,"10-frame"],[1610673141.1149285,1610673141.1149285,9,"11-frame"],[1610673141.3149285,1610673141.3149285,10,"12-frame"],[1610673141.5489285,1610673141.5489285,11,"13-frame"],[1610673141.7489285,1610673141.7489285,12,"14-frame"],[1610673141.9149284,1610673141.9149284,13,"15-frame"],[1610673142.1149285,1610673142.1149285,14,"16-frame"],[1610673142.3489285,1610673142.3489285,15,"17-frame"],[1610673142.5489285,1610673142.5489285,16,"18-frame"],[1610673142.7149284,1610673142.7149284,17,"19-frame"],[1610673142.9149284,1610673142.9149284,18,"20-frame"],[1610673143.1149285,1610673143.1149285,19,"21-frame"],[1610673143.3149285,1610673143.3149285,20,"22-frame"],[1610673143.5149283,1610673143.5149283,21,"23-frame"],[1610673143.7149284,1610673143.7149284,22,"24-frame"],[1610673143.9489284,1610673143.9489284,23,"25-frame"],[1610673144.1149285,1610673144.1149285,24,"26-frame"],[1610673144.3149285,1610673144.3149285,25,"27-frame"],[1610673144.5149283,1610673144.5149283,26,"28-frame"],[1610673144.7149284,1610673144.7149284,27,"29-frame"],[1610673144.9149284,1610673144.9149284,28,"30-frame"],[1610673145.1149285,1610673145.1149285,29,"31-frame"],[1610673145.3149285,1610673145.3149285,30,"32-frame"],[1610673145.5149283,1610673145.5149283,31,"33-frame"],[1610673145.7489285,1610673145.7489285,32,"34-frame"],[1610673145.9149284,1610673145.9149284,33,"35-frame"],[1610673146.1489284,1610673146.1489284,34,"36-frame"],[1610673146.3489285,1610673146.3489285,35,"37-frame"],[1610673146.5149283,1610673146.5149283,36,"38-frame"],[1610673146.7149284,1610673146.7149284,37,"39-frame"],[1610673146.8819284,1610673146.8819284,38,"40-frame"],[1610673147.1149285,1610673147.1149285,39,"41-frame"],[1610673147.3149285,1610673147.3149285,40,"42-frame"],[1610673147.5149283,1610673147.5149283,41,"43-frame"],[1610673147.7489285,1610673147.7489285,42,"44-frame"],[1610673147.9489284,1610673147.9489284,43,"45-frame"],[1610673148.1149285,1610673148.1149285,44,"46-frame"],[1610673148.3149285,1610673148.3149285,45,"47-frame"],[1610673148.5149283,1610673148.5149283,46,"48-frame"],[1610673148.7149284,1610673148.7149284,47,"49-frame"],[1610673148.9149284,1610673148.9149284,48,"50-frame"],[1610673149.1149285,1610673149.1149285,49,"51-frame"],[1610673149.3149285,1610673149.3149285,50,"52-frame"],[1610673149.5149283,1610673149.5149283,51,"53-frame"],[1610673149.7149284,1610673149.7149284,52,"54-frame"],[1610673149.9149284,1610673149.9149284,53,"55-frame"],[1610673150.1149285,1610673150.1149285,54,"56-frame"],[1610673150.3149285,1610673150.3149285,55,"57-frame"],[1610673150.4489284,1610673150.4489284,56,"58-frame"],[1610673150.7149284,1610673150.7149284,57,"59-frame"],[1610673150.9149284,1610673150.9149284,58,"60-frame"],[1610673151.1149285,1610673151.1149285,59,"61-frame"],[1610673151.3149285,1610673151.3149285,60,"62-frame"],[1610673151.5149283,1610673151.5149283,61,"63-frame"],[1610673151.7149284,1610673151.7149284,62,"64-frame"],[1610673151.9149284,1610673151.9149284,63,"65-frame"],[1610673152.0819285,1610673152.0819285,64,"66-frame"],[1610673152.3149285,1610673152.3149285,65,"67-frame"],[1610673152.5149283,1610673152.5149283,66,"68-frame"],[1610673152.7149284,1610673152.7149284,67,"69-frame"],[1610673152.9149284,1610673152.9149284,68,"70-frame"],[1610673153.1149285,1610673153.1149285,69,"71-frame"],[1610673153.3489285,1610673153.3489285,70,"72-frame"],[1610673153.5149283,1610673153.5149283,71,"73-frame"],[1610673153.7149284,1610673153.7149284,72,"74-frame"],[1610673153.9149284,1610673153.9149284,73,"75-frame"],[1610673154.1489284,1610673154.1489284,74,"76-frame"],[1610673154.3149285,1610673154.3149285,75,"77-frame"],[1610673154.5149283,1610673154.5149283,76,"78-frame"],[1610673154.7489285,1610673154.7489285,77,"79-frame"],[1610673154.9489284,1610673154.9489284,78,"80-frame"],[1610673155.0489285,1610673155.0489285,79,"81-frame"],[1610673155.3149285,1610673155.3149285,80,"82-frame"],[1610673155.5149283,1610673155.5149283,81,"83-frame"],[1610673155.7149284,1610673155.7149284,82,"84-frame"],[1610673155.9149284,1610673155.9149284,83,"85-frame"],[1610673156.1149285,1610673156.1149285,84,"86-frame"],[1610673156.3489285,1610673156.3489285,85,"87-frame"],[1610673156.5149283,1610673156.5149283,86,"88-frame"],[1610673156.6819284,1610673156.6819284,87,"89-frame"],[1610673156.9149284,1610673156.9149284,88,"90-frame"],[1610673157.1149285,1610673157.1149285,89,"91-frame"],[1610673157.3149285,1610673157.3149285,90,"92-frame"],[1610673157.5149283,1610673157.5149283,91,"93-frame"],[1610673157.7149284,1610673157.7149284,92,"94-frame"],[1610673157.9149284,1610673157.9149284,93,"95-frame"],[1610673158.1149285,1610673158.1149285,94,"96-frame"],[1610673158.3149285,1610673158.3149285,95,"97-frame"],[1610673158.5149283,1610673158.5149283,96,"98-frame"],[1610673158.7149284,1610673158.7149284,97,"99-frame"],[1610673158.9149284,1610673158.9149284,98,"100-frame"],[1610673159.1149285,1610673159.1149285,99,"101-frame"],[1610673159.3149285,1610673159.3149285,100,"102-frame"],[1610673159.5149283,1610673159.5149283,101,"103-frame"]]}