{"startTime":1609918411.2217479,"endTime":1609918891.2217479,"timing":[[1609918411.2217479,1609918411.2217479,0,"2-frame"],[1609918411.388748,1609918411.388748,1,"3-frame"],[1609918411.588748,1609918411.588748,2,"4-frame"],[1609918411.7547479,1609918411.7547479,3,"5-frame"],[1609918411.954748,1609918411.954748,4,"6-frame"],[1609918412.088748,1609918412.088748,5,"7-frame"],[1609918412.3547478,1609918412.3547478,6,"8-frame"],[1609918412.5547478,1609918412.5547478,7,"9-frame"],[1609918412.7547479,1609918412.7547479,8,"10-frame"],[1609918412.954748,1609918412.954748,9,"11-frame"],[1609918413.154748,1609918413.154748,10,"12-frame"],[1609918413.388748,1609918413.388748,11,"13-frame"],[1609918413.588748,1609918413.588748,12,"14-frame"],[1609918413.7547479,1609918413.7547479,13,"15-frame"],[1609918413.954748,1609918413.954748,14,"16-frame"],[1609918414.188748,1609918414.188748,15,"17-frame"],[1609918414.388748,1609918414.388748,16,"18-frame"],[1609918414.5547478,1609918414.5547478,17,"19-frame"],[1609918414.7547479,1609918414.7547479,18,"20-frame"],[1609918414.954748,1609918414.954748,19,"21-frame"],[1609918415.154748,1609918415.154748,20,"22-frame"],[1609918415.3547478,1609918415.3547478,21,"23-frame"],[1609918415.5547478,1609918415.5547478,22,"24-frame"],[1609918415.7887478,1609918415.7887478,23,"25-frame"],[1609918415.954748,1609918415.954748,24,"26-frame"],[1609918416.154748,1609918416.154748,25,"27-frame"],[1609918416.3547478,1609918416.3547478,26,"28-frame"],[1609918416.5547478,1609918416.5547478,27,"29-frame"],[1609918416.7547479,1609918416.7547479,28,"30-frame"],[1609918416.954748,1609918416.954748,29,"31-frame"],[1609918417.154748,1609918417.154748,30,"32-frame"],[1609918417.3547478,1609918417.3547478,31,"33-frame"],[1609918417.588748,1609918417.588748,32,"34-frame"],[1609918417.7547479,1609918417.7547479,33,"35-frame"],[1609918417.9887478,1609918417.9887478,34,"36-frame"],[1609918418.188748,1609918418.188748,35,"37-frame"],[1609918418.3547478,1609918418.3547478,36,"38-frame"],[1609918418.5547478,1609918418.5547478,37,"39-frame"],[1609918418.7217479,1609918418.7217479,38,"40-frame"],[1609918418.954748,1609918418.954748,39,"41-frame"],[1609918419.154748,1609918419.154748,40,"42-frame"],[1609918419.3547478,1609918419.3547478,41,"43-frame"],[1609918419.588748,1609918419.588748,42,"44-frame"],[1609918419.7887478,1609918419.7887478,43,"45-frame"],[1609918419.954748,1609918419.954748,44,"46-frame"],[1609918420.154748,1609918420.154748,45,"47-frame"],[1609918420.3547478,1609918420.3547478,46,"48-frame"],[1609918420.5547478,1609918420.5547478,47,"49-frame"],[1609918420.7547479,1609918420.7547479,48,"50-frame"],[1609918420.954748,1609918420.954748,49,"51-frame"],[1609918421.154748,1609918421.154748,50,"52-frame"],[1609918421.3547478,1609918421.3547478,51,"53-frame"],[1609918421.5547478,1609918421.5547478,52,"54-frame"],[1609918421.7547479,1609918421.7547479,53,"55-frame"],[1609918421.954748,1609918421.954748,54,"56-frame"],[1609918422.154748,1609918422.154748,55,"57-frame"],[1609918422.2887478,1609918422.2887478,56,"58-frame"],[1609918422.5547478,1609918422.5547478,57,"59-frame"],[1609918422.7547479,1609918422.7547479,58,"60-frame"],[1609918422.954748,1609918422.954748,59,"61-frame"],[1609918423.154748,1609918423.154748,60,"62-frame"],[1609918423.3547478,1609918423.3547478,61,"63-frame"],[1609918423.5547478,1609918423.5547478,62,"64-frame"],[1609918423.7547479,1609918423.7547479,63,"65-frame"],[1609918423.921748,1609918423.921748,64,"66-frame"],[1609918424.154748,1609918424.154748,65,"67-frame"],[1609918424.3547478,1609918424.3547478,66,"68-frame"],[1609918424.5547478,1609918424.5547478,67,"69-frame"],[1609918424.7547479,1609918424.7547479,68,"70-frame"],[1609918424.954748,1609918424.954748,69,"71-frame"],[1609918425.188748,1609918425.188748,70,"72-frame"],[1609918425.3547478,1609918425.3547478,71,"73-frame"],[1609918425.5547478,1609918425.5547478,72,"74-frame"],[1609918425.7547479,1609918425.7547479,73,"75-frame"],[1609918425.9887478,1609918425.9887478,74,"76-frame"],[1609918426.154748,1609918426.154748,75,"77-frame"],[1609918426.3547478,1609918426.3547478,76,"78-frame"],[1609918426.588748,1609918426.588748,77,"79-frame"],[1609918426.7887478,1609918426.7887478,78,"80-frame"],[1609918426.888748,1609918426.888748,79,"81-frame"],[1609918427.154748,1609918427.154748,80,"82-frame"],[1609918427.3547478,1609918427.3547478,81,"83-frame"],[1609918427.5547478,1609918427.5547478,82,"84-frame"],[1609918427.7547479,1609918427.7547479,83,"85-frame"],[1609918427.954748,1609918427.954748,84,"86-frame"],[1609918428.188748,1609918428.188748,85,"87-frame"],[1609918428.3547478,1609918428.3547478,86,"88-frame"],[1609918428.5217478,1609918428.5217478,87,"89-frame"],[1609918428.7547479,1609918428.7547479,88,"90-frame"],[1609918428.954748,1609918428.954748,89,"91-frame"],[1609918429.154748,1609918429.154748,90,"92-frame"],[1609918429.3547478,1609918429.3547478,91,"93-frame"],[1609918429.5547478,1609918429.5547478,92,"94-frame"],[1609918429.7547479,1609918429.7547479,93,"95-frame"],[1609918429.954748,1609918429.954748,94,"96-frame"],[1609918430.154748,1609918430.154748,95,"97-frame"],[1609918430.3547478,1609918430.3547478,96,"98-frame"],[1609918430.5547478,1609918430.5547478,97,"99-frame"],[1609918430.7547479,1609918430.7547479,98,"100-frame"],[1609918430.954748,1609918430.954748,99,"101-frame"],[1609918431.154748,1609918431.154748,100,"102-frame"],[1609918431.3547478,1609918431.3547478,101,"103-frame"],[1609918431.5547478,1609918431.5547478,102,"104-frame"],[1609918431.7547479,1609918431.7547479,103,"105-frame"],[1609918431.954748,1609918431.954748,104,"106-frame"],[1609918432.154748,1609918432.154748,105,"107-frame"],[1609918432.3547478,1609918432.3547478,106,"108-frame"],[1609918432.5547478,1609918432.5547478,107,"109-frame"],[1609918432.7887478,1609918432.7887478,108,"110-frame"],[1609918432.954748,1609918432.954748,109,"111-frame"],[1609918433.154748,1609918433.154748,110,"112-frame"],[1609918433.3547478,1609918433.3547478,111,"113-frame"],[1609918433.5547478,1609918433.5547478,112,"114-frame"],[1609918433.7547479,1609918433.7547479,113,"115-frame"],[1609918433.954748,1609918433.954748,114,"116-frame"],[1609918434.088748,1609918434.088748,115,"117-frame"],[1609918434.3547478,1609918434.3547478,116,"118-frame"],[1609918434.5547478,1609918434.5547478,117,"119-frame"],[1609918434.7547479,1609918434.7547479,118,"120-frame"],[1609918434.954748,1609918434.954748,119,"121-frame"],[1609918435.088748,1609918435.088748,120,"122-frame"],[1609918435.3547478,1609918435.3547478,121,"123-frame"],[1609918435.5547478,1609918435.5547478,122,"124-frame"],[1609918435.7547479,1609918435.7547479,123,"125-frame"],[1609918435.954748,1609918435.954748,124,"126-frame"],[1609918436.154748,1609918436.154748,125,"127-frame"],[1609918436.3547478,1609918436.3547478,126,"128-frame"],[1609918436.5547478,1609918436.5547478,127,"129-frame"],[1609918436.7547479,1609918436.7547479,128,"130-frame"],[1609918436.954748,1609918436.954748,129,"131-frame"],[1609918437.154748,1609918437.154748,130,"132-frame"],[1609918437.3547478,1609918437.3547478,131,"133-frame"],[1609918437.5547478,1609918437.5547478,132,"134-frame"],[1609918437.7547479,1609918437.7547479,133,"135-frame"],[1609918437.954748,1609918437.954748,134,"136-frame"],[1609918438.154748,1609918438.154748,135,"137-frame"],[1609918438.3547478,1609918438.3547478,136,"138-frame"],[1609918438.5547478,1609918438.5547478,137,"139-frame"],[1609918438.688748,1609918438.688748,138,"140-frame"],[1609918438.954748,1609918438.954748,139,"141-frame"],[1609918439.154748,1609918439.154748,140,"142-frame"],[1609918439.3547478,1609918439.3547478,141,"143-frame"],[1609918439.5547478,1609918439.5547478,142,"144-frame"],[1609918439.7547479,1609918439.7547479,143,"145-frame"],[1609918439.954748,1609918439.954748,144,"146-frame"],[1609918440.154748,1609918440.154748,145,"147-frame"],[1609918440.3547478,1609918440.3547478,146,"148-frame"],[1609918440.5217478,1609918440.5217478,147,